Artist,Code,Packaging,Order,Category,Order,Product,Code,Configuration,Order,Signed By,Format,Code,Style,Order,Color,Order,Genre,Order,Label,Order
-,AAAA,-,000,-,000,-,000,-,000,-,-,000,-,000,-,000,-,,-,
Above & Beyond,ABOV,Standard Jacket,005,Media,005,Music Release,005,1xUSB,005,Bratty,Vinyl,005,A-Side/B-side,,Black,,Electronic,,Afterlife | Interscope Records,
Alesso,ALES,Gatefold Jacket,010,Collectibles,010,Book,010,"1x7""",007,Sub Zero Project,CD,010,Color in Color,,Black & Green,,Electronic | Classical,,Anjunabeats,
Andrew Rayel,ANDR,Gatefold Jacket + Slipcase,015,Apparel,015,Accessory,015,1xLP,010,Tritonal,USB,015,Color in Color | Marbled,,Black & Pink & Orange,,Electronic | Funk / Soul | Pop,,Anjunadeep,
Anyma,ANYM,Trifold Jacket,020,,,Stationery,020,"1xLP + 1x7""",015,Vicetone,Paperback,020,Galaxy,,Black & Yellow,,Electronic | Pop,,Armada Music,
AREA21,AREA,Trifold Jacket + Slipcase,025,,,Ticket,025,2xLP,020,,Hardcover,025,Marbled,,Blue,,Electronic | Rock | Pop,,Astralwerks,
Armin van Buuren,ARMI,Boxset,030,,,Hoddie,030,3xLP,025,,,,Metallic Ripple,,Blue & Black,,Electronic | Stage & Screen,,Astralwerks | Universal Music Group,
Avaion,AVAI,Jewel Case,035,,,Shirt,035,1xCD,030,,,,Opaque,,Blue & Green,,Pop,,Astralwerks | Virgin Records,
Avicii,AVIC,Digipak,040,,,,,2xCD,035,,,,Picture Disc,,Blue & Pink,,Pop | Rock,,Atlantic,
Ben Böhmer,BENB,Digipak + Slipcase,045,,,,,3xCD,040,,,,Printed,,Blue & White,,R&B | Pop | Electronic,,Because Music | Ed Banger Records | Genesis,
Ben Frost,BENF,Digipak + Slipcase + Bag,050,,,,,4xCD,050,,,,Smoke,,Blue | Purple,,,,Because Music | Ed Banger Records | Genesis | Virgin Records,
Big Wild,BIGW,Long Digipak + Slipcase,055,,,,,5xCD,055,,,,Splatter,,Clear,,,,Big Beat | Atlantic,
Black Tiger Sex Machine,BLAC,Book-Style Case,060,,,,,,,,,,Swirl,,Clear & Orange | Blue,,,,Big Beat | Atlantic | Warner Music,
Bratty,BRAT,,,,,,,,,,,,Translucent,,Clear & Purple,,,,bitbird,
Calvin Harris,CALV,,,,,,,,,,,,Transparent,,Cream,,,,Circus Records,
Camelphat,CAME,,,,,,,,,,,,,,Gold,,,,Cloud 9 Dance,
Charlotte De Witte,CHAR,,,,,,,,,,,,,,Green,,,,CNR Music Belgium NV,
Claptone,CLAP,,,,,,,,,,,,,,Grey,,,,Columbia,
Dabin,DABI,,,,,,,,,,,,,,Magenta,,,,Columbia | Fly Eye | Sony Music,
Daft Punk,DAFT,,,,,,,,,,,,,,Orange,,,,Columbia | Sony Music,
deadmau5,DEAD,,,,,,,,,,,,,,Orange & White,,,,Counter Records,
DJ Tiësto,DJTI,,,,,,,,,,,,,,Peach,,,,Counter Records | Foreign Family Collective,
Don Diablo,DOND,,,,,,,,,,,,,,Pearl,,,,Counter Records | Ninja Tune,
Enrico Sangiuliano,ENRI,,,,,,,,,,,,,,Pink,,,,Darkroom | Geffen Records,
Flume,FLUM,,,,,,,,,,,,,,Red,,,,Def Jam Recordings | Virgin Records | Refune Records,
Flux Pavilion,FLUX,,,,,,,,,,,,,,Red & Black,,,,Different,
Fred again..,FRED,,,,,,,,,,,,,,Red | White,,,,Dirty Workz,
Fred again.. | Brian Eno,FRED,,,,,,,,,,,,,,Rose,,,,Domino,
Galantis,GALA,,,,,,,,,,,,,,Silver,,,,Drumcode,
Gareth Emery,GARE,,,,,,,,,,,,,,White,,,,Embassy One,
Gareth Emery | Ashley Wallbridge,GARE,,,,,,,,,,,,,,White & Red,,,,EMI,
Gorgon City,GORG,,,,,,,,,,,,,,White | Pink,,,,Enhanced Recordings,
Gryffin,GRYF,,,,,,,,,,,,,,Yellow,,,,Experts Only | Darkroom,
Hardwell,HARD,,,,,,,,,,,,,,Zoetrope,,,,Foreign Family Collective,
Husman,HUSM,,,,,,,,,,,,,,,,,,Future Classic | Transgressive Records,
ILLENIUM,ILLE,,,,,,,,,,,,,,,,,,Garuda,
Jai Wolf,JAIW,,,,,,,,,,,,,,,,,,Geffen Records,
Jamie XX,JAMI,,,,,,,,,,,,,,,,,,Hollywood Records,
Jean-Michel Jarre,JEAN,,,,,,,,,,,,,,,,,,"Holoverse Research Labs, NYC",
John Summit,JOHN,,,,,,,,,,,,,,,,,,Honey Records,
Jon Hopkins,JONH,,,,,,,,,,,,,,,,,,HypnoVizion Records,
Justice,JUST,,,,,,,,,,,,,,,,,,ID&T,
Kasbo,KASB,,,,,,,,,,,,,,,,,,Interscope Records,
Kygo,KYGO,,,,,,,,,,,,,,,,,,Kannibalen Records,
Lane 8,LANE,,,,,,,,,,,,,,,,,,Kasaya Recordings | Seeking Blue,
Lastlings,LAST,,,,,,,,,,,,,,,,,,KNTXT,
Leaving Laurel,LEAV,,,,,,,,,,,,,,,,,,Lakeshore Records | Invada,
Lost Frequencies,LOSF,,,,,,,,,,,,,,,,,,Mau5trap | EMI | Universal Music Group,
Lost Souls Of Saturn,LOSS,,,,,,,,,,,,,,,,,,Mercury KX,
M83,M83,,,,,,,,,,,,,,,,,,Mom + Pop,
Madeon,MADE,,,,,,,,,,,,,,,,,,Monstercat,
Mat Zo,MATZ,,,,,,,,,,,,,,,,,,Mord,
MATHAME,MATH,,,,,,,,,,,,,,,,,,Music On Vinyl | Armada Music,
Monolink,MONO,,,,,,,,,,,,,,,,,,Mute Records,
Nils Hoffmann,NILS,,,,,,,,,,,,,,,,,,Ninja Tune,
Nsqk,NSQK,,,,,,,,,,,,,,,,,,Ninja Tune | Foreign Family Collective,
ODESZA,ODES,,,,,,,,,,,,,,,,,,Not On Label,
ODESZA | Golden Features | BRONSON,ODES,,,,,,,,,,,,,,,,,,Onelove | Garuda,
ODESZA | Yellow House,ODES,,,,,,,,,,,,,,,,,,Ophelia Records,
Ólafur Arnalds,OLAF,,,,,,,,,,,,,,,,,,OWSLA | Atlantic,
OTR,OTR,,,,,,,,,,,,,,,,,,Petit Biscuit Music,
Petit Biscuit,PETI,,,,,,,,,,,,,,,,,,PM:AM Recordings | Musical Freedom | Universal Music Group,
Porter Robinson,PORT,,,,,,,,,,,,,,,,,,Popcultur,
Porter Robinson | Madeon,PORT,,,,,,,,,,,,,,,,,,Positiva | EMI,
RAC,RAC,,,,,,,,,,,,,,,,,,PRMD | Island Records,
Rezz,REZZ,,,,,,,,,,,,,,,,,,PRMD | Universal Music Group,
Rüfüs Du Sol,RUFU,,,,,,,,,,,,,,,,,,ProLogic | Sony Music | Armada Music,
Said The Sky,SAID,,,,,,,,,,,,,,,,,,RCA,
San Holo,SANH,,,,,,,,,,,,,,,,,,RCA | Sony Music,
Seven Lions,SEVE,,,,,,,,,,,,,,,,,,Release Records,
Skrillex,SKRI,,,,,,,,,,,,,,,,,,Republic Records,
Sub Zero Project,SUBZ,,,,,,,,,,,,,,,,,,Revealed Recordings | Cloud 9 Dance,
Sultan + Shepard,SULT,,,,,,,,,,,,,,,,,,Rose Avenue | Reprise Records,
Swedish House Mafia,SWED,,,,,,,,,,,,,,,,,,Seeking Blue,
The Midnight,THEM,,,,,,,,,,,,,,,,,,Sony Music | Armada Music,
Third Party,THIR,,,,,,,,,,,,,,,,,,Sony Music | Dance Floor,
Tritonal,TRIT,,,,,,,,,,,,,,,,,,Sony Music | RCA | Ultra Music,
UFO95,UFO9,,,,,,,,,,,,,,,,,,Sweat It Out! | Leisurely,
Various,VARI,,,,,,,,,,,,,,,,,,Text Records,
Vicetone,VICE,,,,,,,,,,,,,,,,,,This Never Happened,
,,,,,,,,,,,,,,,,,,,Ultra Music | Sony Music,
,,,,,,,,,,,,,,,,,,,Universal Music Group,
,,,,,,,,,,,,,,,,,,,Universal Music Group | Avicii Recordings AB,
,,,,,,,,,,,,,,,,,,,Universal Music Group | EMI,
,,,,,,,,,,,,,,,,,,,"Universal Music Group México, S.A. de C.V.",
,,,,,,,,,,,,,,,,,,,Warner Music,
,,,,,,,,,,,,,,,,,,,WeAreOne.World,
,,,,,,,,,,,,,,,,,,,Young,